patch;patch_features;nome_join;Name;Win %;Pick %;Ban %;Presenca_Global %;delta_wr_1p;tendencia_3p;pressao_acumulada;wr_vs_media;target
2609;2608;aatrox;Aatrox;46.34;16.25;8.94;25.19;0.0;0.0;0;0.0;0
2609;2608;ahri;Ahri;43.6;23.8;5.69;29.49;0.0;0.0;0;0.0;0
2609;2608;akali;Akali;44.15;19.7;19.7;39.4;0.0;0.0;0;0.0;0
2609;2608;akshan;Akshan;44.31;6.67;3.45;10.12;0.0;0.0;0;0.0;0
2609;2608;alistar;Alistar;46.78;8.24;1.66;9.9;0.0;0.0;0;0.0;0
2609;2608;ambessa;Ambessa;48.05;19.88;16.9;36.78;0.0;0.0;0;0.0;1
2609;2608;amumu;Amumu;47.22;5.25;1.2;6.45;0.0;0.0;0;0.0;0
2609;2608;anivia;Anivia;46.72;12.48;4.95;17.43;0.0;0.0;0;0.0;0
2609;2608;annie;Annie;48.58;7.12;0.79;7.91;0.0;0.0;0;0.0;0
2609;2608;aphelios;Aphelios;43.22;9.85;2.61;12.46;0.0;0.0;0;0.0;0
2609;2608;ashe;Ashe;44.91;29.18;6.52;35.7;0.0;0.0;0;0.0;0
2609;2608;aurelionsol;Aurelion Sol;49.88;8.17;1.26;9.43;0.0;0.0;0;0.0;0
2609;2608;aurora;Aurora;42.36;10.46;2.81;13.27;0.0;0.0;0;0.0;0
2609;2608;azir;Azir;39.62;5.44;0.36;5.8;0.0;0.0;0;0.0;0
2609;2608;bard;Bard;43.39;13.99;3.66;17.65;0.0;0.0;0;0.0;0
2609;2608;belveth;Bel'Veth;46.83;4.13;3.64;7.77;0.0;0.0;0;0.0;0
2609;2608;blitzcrank;Blitzcrank;37.55;9.95;11.25;21.2;0.0;0.0;0;0.0;0
2609;2608;brand;Brand;51.21;10.06;2.32;12.38;0.0;0.0;0;0.0;0
2609;2608;braum;Braum;37.61;11.28;9.84;21.12;0.0;0.0;0;0.0;0
2609;2608;briar;Briar;46.74;11.24;11.22;22.46;0.0;0.0;0;0.0;1
2609;2608;caitlyn;Caitlyn;45.05;32.64;27.23;59.87;0.0;0.0;0;0.0;0
2609;2608;camille;Camille;48.38;8.25;1.11;9.36;0.0;0.0;0;0.0;0
2609;2608;cassiopeia;Cassiopeia;49.94;4.37;1.26;5.63;0.0;0.0;0;0.0;0
2609;2608;chogath;Cho'Gath;48.35;7.07;0.63;7.7;0.0;0.0;0;0.0;0
2609;2608;corki;Corki;44.67;7.77;0.7;8.47;0.0;0.0;0;0.0;0
2609;2608;darius;Darius;47.27;15.9;14.46;30.36;0.0;0.0;0;0.0;0
2609;2608;diana;Diana;47.39;15.15;5.14;20.29;0.0;0.0;0;0.0;0
2609;2608;draven;Draven;44.28;10.38;16.91;27.29;0.0;0.0;0;0.0;0
2609;2608;drmundo;Dr. Mundo;46.25;10.9;6.4;17.3;0.0;0.0;0;0.0;0
2609;2608;ekko;Ekko;48.45;14.7;2.54;17.24;0.0;0.0;0;0.0;0
2609;2608;elise;Elise;51.7;8.08;2.05;10.13;0.0;0.0;0;0.0;0
2609;2608;evelynn;Evelynn;47.03;5.11;2.83;7.94;0.0;0.0;0;0.0;0
2609;2608;ezreal;Ezreal;41.9;37.55;9.31;46.86;0.0;0.0;0;0.0;0
2609;2608;fiddlesticks;Fiddlesticks;51.63;7.19;1.99;9.18;0.0;0.0;0;0.0;0
2609;2608;fiora;Fiora;47.43;8.05;6.1;14.15;0.0;0.0;0;0.0;0
2609;2608;fizz;Fizz;46.07;11.67;5.79;17.46;0.0;0.0;0;0.0;0
2609;2608;galio;Galio;44.73;8.46;1.54;10.0;0.0;0.0;0;0.0;0
2609;2608;gangplank;Gangplank;42.04;9.06;3.58;12.64;0.0;0.0;0;0.0;0
2609;2608;garen;Garen;41.4;18.96;9.55;28.51;0.0;0.0;0;0.0;0
2609;2608;gnar;Gnar;43.71;9.09;1.63;10.72;0.0;0.0;0;0.0;0
2609;2608;gragas;Gragas;48.01;6.7;0.69;7.39;0.0;0.0;0;0.0;2
2609;2608;graves;Graves;45.58;27.34;21.31;48.65;0.0;0.0;0;0.0;0
2609;2608;gwen;Gwen;53.58;7.35;4.21;11.56;0.0;0.0;0;0.0;0
2609;2608;hecarim;Hecarim;32.66;7.98;3.73;11.71;0.0;0.0;0;0.0;0
2609;2608;heimerdinger;Heimerdinger;49.08;3.17;1.31;4.48;0.0;0.0;0;0.0;0
2609;2608;hwei;Hwei;47.08;11.94;2.23;14.17;0.0;0.0;0;0.0;0
2609;2608;illaoi;Illaoi;39.13;4.75;3.78;8.53;0.0;0.0;0;0.0;0
2609;2608;irelia;Irelia;42.52;14.35;14.29;28.64;0.0;0.0;0;0.0;0
2609;2608;ivern;Ivern;49.35;3.05;0.46;3.51;0.0;0.0;0;0.0;0
2609;2608;janna;Janna;47.19;8.73;1.04;9.77;0.0;0.0;0;0.0;0
2609;2608;jarvaniv;Jarvan IV;46.79;15.59;1.94;17.53;0.0;0.0;0;0.0;0
2609;2608;jax;Jax;48.5;15.84;13.05;28.89;0.0;0.0;0;0.0;0
2609;2608;jayce;Jayce;46.98;12.34;5.13;17.47;0.0;0.0;0;0.0;0
2609;2608;jhin;Jhin;46.03;32.96;1.66;34.62;0.0;0.0;0;0.0;0
2609;2608;jinx;Jinx;46.07;27.88;4.67;32.55;0.0;0.0;0;0.0;0
2609;2608;kaisa;Kai'Sa;44.85;28.91;2.12;31.03;0.0;0.0;0;0.0;0
2609;2608;kalista;Kalista;51.77;3.06;0.23;3.29;0.0;0.0;0;0.0;0
2609;2608;karma;Karma;45.55;22.09;10.1;32.19;0.0;0.0;0;0.0;0
2609;2608;karthus;Karthus;49.6;4.75;1.37;6.12;0.0;0.0;0;0.0;0
2609;2608;kassadin;Kassadin;42.53;6.24;3.94;10.18;0.0;0.0;0;0.0;0
2609;2608;katarina;Katarina;47.69;14.83;11.3;26.13;0.0;0.0;0;0.0;0
2609;2608;kayle;Kayle;48.01;8.6;4.99;13.59;0.0;0.0;0;0.0;0
2609;2608;kayn;Kayn;48.27;12.62;3.79;16.41;0.0;0.0;0;0.0;0
2609;2608;kennen;Kennen;46.17;5.0;1.86;6.86;0.0;0.0;0;0.0;0
2609;2608;khazix;Kha'Zix;53.91;10.77;4.72;15.49;0.0;0.0;0;0.0;0
2609;2608;kindred;Kindred;47.82;5.03;1.84;6.87;0.0;0.0;0;0.0;0
2609;2608;kled;Kled;47.88;3.87;0.82;4.69;0.0;0.0;0;0.0;0
2609;2608;kogmaw;Kog'Maw;50.98;4.43;0.49;4.92;0.0;0.0;0;0.0;0
2609;2608;ksante;K'Sante;48.08;7.4;2.12;9.52;0.0;0.0;0;0.0;0
2609;2608;leblanc;LeBlanc;45.57;10.29;14.84;25.13;0.0;0.0;0;0.0;0
2609;2608;leesin;Lee Sin;46.27;25.72;12.64;38.36;0.0;0.0;0;0.0;0
2609;2608;leona;Leona;41.96;12.7;6.26;18.96;0.0;0.0;0;0.0;0
2609;2608;lillia;Lillia;44.98;7.04;2.21;9.25;0.0;0.0;0;0.0;0
2609;2608;lissandra;Lissandra;47.03;12.73;3.17;15.9;0.0;0.0;0;0.0;0
2609;2608;lucian;Lucian;44.98;19.79;3.25;23.04;0.0;0.0;0;0.0;0
2609;2608;lulu;Lulu;45.48;21.88;10.74;32.62;0.0;0.0;0;0.0;0
2609;2608;lux;Lux;47.05;20.23;2.78;23.01;0.0;0.0;0;0.0;0
2609;2608;malphite;Malphite;48.0;16.54;19.63;36.17;0.0;0.0;0;0.0;0
2609;2608;malzahar;Malzahar;45.62;15.0;9.52;24.52;0.0;0.0;0;0.0;0
2609;2608;maokai;Maokai;48.77;6.0;0.2;6.2;0.0;0.0;0;0.0;0
2609;2608;masteryi;Master Yi;48.33;15.06;15.74;30.8;0.0;0.0;0;0.0;0
2609;2608;mel;Mel;42.62;13.67;33.72;47.39;0.0;0.0;0;0.0;0
2609;2608;milio;Milio;43.22;15.71;6.29;22.0;0.0;0.0;0;0.0;0
2609;2608;missfortune;Miss Fortune;42.27;14.07;1.22;15.29;0.0;0.0;0;0.0;0
2609;2608;mordekaiser;Mordekaiser;47.03;12.04;7.48;19.52;0.0;0.0;0;0.0;0
2609;2608;morgana;Morgana;50.24;9.93;15.26;25.19;0.0;0.0;0;0.0;0
2609;2608;naafiri;Naafiri;48.52;18.72;23.69;42.41;0.0;0.0;0;0.0;0
2609;2608;nami;Nami;38.21;31.79;4.69;36.48;0.0;0.0;0;0.0;0
2609;2608;nasus;Nasus;47.74;9.97;4.77;14.74;0.0;0.0;0;0.0;0
2609;2608;nautilus;Nautilus;47.01;19.84;13.96;33.8;0.0;0.0;0;0.0;0
2609;2608;neeko;Neeko;48.96;5.25;1.26;6.51;0.0;0.0;0;0.0;0
2609;2608;nidalee;Nidalee;48.28;5.37;1.13;6.5;0.0;0.0;0;0.0;0
2609;2608;nilah;Nilah;48.17;3.05;2.99;6.04;0.0;0.0;0;0.0;0
2609;2608;nocturne;Nocturne;44.85;16.66;14.49;31.15;0.0;0.0;0;0.0;0
2609;2608;nunu;Nunu & Willump;44.9;5.41;0.71;6.12;0.0;0.0;0;0.0;0
2609;2608;olaf;Olaf;50.11;5.57;2.31;7.88;0.0;0.0;0;0.0;0
2609;2608;orianna;Orianna;38.17;9.54;1.19;10.73;0.0;0.0;0;0.0;0
2609;2608;ornn;Ornn;48.12;11.01;0.96;11.97;0.0;0.0;0;0.0;0
2609;2608;pantheon;Pantheon;48.67;14.79;1.65;16.44;0.0;0.0;0;0.0;0
2609;2608;poppy;Poppy;50.41;6.46;2.99;9.45;0.0;0.0;0;0.0;0
2609;2608;pyke;Pyke;45.27;12.41;25.71;38.12;0.0;0.0;0;0.0;0
2609;2608;qiyana;Qiyana;50.29;7.24;2.09;9.33;0.0;0.0;0;0.0;0
2609;2608;quinn;Quinn;47.8;3.05;0.81;3.86;0.0;0.0;0;0.0;0
2609;2608;rakan;Rakan;52.01;6.82;0.3;7.12;0.0;0.0;0;0.0;0
2609;2608;rammus;Rammus;48.3;3.96;3.59;7.55;0.0;0.0;0;0.0;0
2609;2608;reksai;Rek'Sai;47.88;5.39;1.75;7.14;0.0;0.0;0;0.0;0
2609;2608;rell;Rell;47.75;6.99;0.97;7.96;0.0;0.0;0;0.0;0
2609;2608;renata;Renata Glasc;46.14;2.15;0.13;2.28;0.0;0.0;0;0.0;0
2609;2608;renekton;Renekton;36.82;12.8;4.55;17.35;0.0;0.0;0;0.0;0
2609;2608;rengar;Rengar;49.7;9.18;9.89;19.07;0.0;0.0;0;0.0;0
2609;2608;riven;Riven;49.55;7.77;2.66;10.43;0.0;0.0;0;0.0;0
2609;2608;rumble;Rumble;47.5;5.82;1.68;7.5;0.0;0.0;0;0.0;0
2609;2608;ryze;Ryze;43.61;8.43;0.89;9.32;0.0;0.0;0;0.0;0
2609;2608;samira;Samira;44.08;10.41;7.1;17.51;0.0;0.0;0;0.0;0
2609;2608;sejuani;Sejuani;48.21;4.56;0.18;4.74;0.0;0.0;0;0.0;0
2609;2608;senna;Senna;47.9;16.75;1.47;18.22;0.0;0.0;0;0.0;0
2609;2608;seraphine;Seraphine;45.86;15.32;1.7;17.02;0.0;0.0;0;0.0;0
2609;2608;sett;Sett;47.17;11.22;2.63;13.85;0.0;0.0;0;0.0;0
2609;2608;shaco;Shaco;45.23;10.44;15.93;26.37;0.0;0.0;0;0.0;0
2609;2608;shen;Shen;51.63;13.37;2.97;16.34;0.0;0.0;0;0.0;0
2609;2608;shyvana;Shyvana;44.19;10.26;7.78;18.04;0.0;0.0;0;0.0;0
2609;2608;singed;Singed;47.6;5.64;0.84;6.48;0.0;0.0;0;0.0;0
2609;2608;sion;Sion;49.6;13.45;1.26;14.71;0.0;0.0;0;0.0;0
2609;2608;sivir;Sivir;37.62;9.44;3.18;12.62;0.0;0.0;0;0.0;0
2609;2608;skarner;Skarner;44.91;2.92;0.21;3.13;0.0;0.0;0;0.0;0
2609;2608;smolder;Smolder;41.29;23.98;6.72;30.7;0.0;0.0;0;0.0;0
2609;2608;sona;Sona;45.78;8.75;0.65;9.4;0.0;0.0;0;0.0;0
2609;2608;soraka;Soraka;45.3;12.41;3.02;15.43;0.0;0.0;0;0.0;0
2609;2608;swain;Swain;47.63;10.96;2.62;13.58;0.0;0.0;0;0.0;0
2609;2608;sylas;Sylas;48.32;26.29;12.0;38.29;0.0;0.0;0;0.0;0
2609;2608;syndra;Syndra;43.85;10.82;3.17;13.99;0.0;0.0;0;0.0;0
2609;2608;tahmkench;Tahm Kench;49.77;8.79;1.7;10.49;0.0;0.0;0;0.0;2
2609;2608;taliyah;Taliyah;48.31;4.97;0.36;5.33;0.0;0.0;0;0.0;2
2609;2608;talon;Talon;44.48;13.68;6.77;20.45;0.0;0.0;0;0.0;0
2609;2608;taric;Taric;46.89;2.86;0.29;3.15;0.0;0.0;0;0.0;0
2609;2608;teemo;Teemo;47.95;7.92;3.74;11.66;0.0;0.0;0;0.0;0
2609;2608;thresh;Thresh;41.73;27.72;8.2;35.92;0.0;0.0;0;0.0;0
2609;2608;tristana;Tristana;45.06;9.13;1.21;10.34;0.0;0.0;0;0.0;0
2609;2608;trundle;Trundle;47.09;3.49;0.28;3.77;0.0;0.0;0;0.0;0
2609;2608;tryndamere;Tryndamere;48.78;6.59;1.79;8.38;0.0;0.0;0;0.0;0
2609;2608;twistedfate;Twisted Fate;47.55;10.72;1.0;11.72;0.0;0.0;0;0.0;0
2609;2608;twitch;Twitch;45.33;11.55;7.62;19.17;0.0;0.0;0;0.0;0
2609;2608;udyr;Udyr;46.59;5.25;0.98;6.23;0.0;0.0;0;0.0;0
2609;2608;urgot;Urgot;45.96;5.71;0.85;6.56;0.0;0.0;0;0.0;0
2609;2608;varus;Varus;44.64;11.3;3.24;14.54;0.0;0.0;0;0.0;0
2609;2608;vayne;Vayne;49.04;22.83;12.89;35.72;0.0;0.0;0;0.0;0
2609;2608;veigar;Veigar;46.5;11.52;1.39;12.91;0.0;0.0;0;0.0;0
2609;2608;velkoz;Vel'Koz;48.49;9.67;1.3;10.97;0.0;0.0;0;0.0;0
2609;2608;vex;Vex;45.21;6.17;3.56;9.73;0.0;0.0;0;0.0;0
2609;2608;vi;Vi;48.63;10.01;1.42;11.43;0.0;0.0;0;0.0;0
2609;2608;viego;Viego;47.12;20.96;10.69;31.65;0.0;0.0;0;0.0;0
2609;2608;viktor;Viktor;51.59;15.03;4.29;19.32;0.0;0.0;0;0.0;0
2609;2608;vladimir;Vladimir;45.98;11.69;4.92;16.61;0.0;0.0;0;0.0;0
2609;2608;volibear;Volibear;47.94;10.09;2.51;12.6;0.0;0.0;0;0.0;0
2609;2608;warwick;Warwick;45.31;6.31;0.96;7.27;0.0;0.0;0;0.0;2
2609;2608;wukong;Wukong;49.09;6.17;0.52;6.69;0.0;0.0;0;0.0;0
2609;2608;xayah;Xayah;40.7;7.8;0.71;8.51;0.0;0.0;0;0.0;0
2609;2608;xerath;Xerath;44.25;18.38;7.26;25.64;0.0;0.0;0;0.0;0
2609;2608;xinzhao;Xin Zhao;47.35;11.87;1.95;13.82;0.0;0.0;0;0.0;0
2609;2608;yasuo;Yasuo;44.6;23.91;18.97;42.88;0.0;0.0;0;0.0;0
2609;2608;yone;Yone;44.27;19.8;4.24;24.04;0.0;0.0;0;0.0;0
2609;2608;yorick;Yorick;45.33;7.43;6.56;13.99;0.0;0.0;0;0.0;0
2609;2608;yunara;Yunara;46.22;15.47;2.91;18.38;0.0;0.0;0;0.0;0
2609;2608;yuumi;Yuumi;42.27;11.65;7.15;18.8;0.0;0.0;0;0.0;0
2609;2608;zaahen;Zaahen;45.43;9.64;5.32;14.96;0.0;0.0;0;0.0;0
2609;2608;zac;Zac;50.64;6.87;1.34;8.21;0.0;0.0;0;0.0;0
2609;2608;zed;Zed;48.09;20.24;22.76;43.0;0.0;0.0;0;0.0;0
2609;2608;zeri;Zeri;45.96;4.14;0.17;4.31;0.0;0.0;0;0.0;0
2609;2608;ziggs;Ziggs;43.31;5.35;0.44;5.79;0.0;0.0;0;0.0;0
2609;2608;zilean;Zilean;50.82;7.1;1.69;8.79;0.0;0.0;0;0.0;0
2609;2608;zoe;Zoe;45.18;9.74;6.61;16.35;0.0;0.0;0;0.0;0
2609;2608;zyra;Zyra;50.35;8.56;2.84;11.4;0.0;0.0;0;0.0;0
2610;2609;aatrox;Aatrox;44.83;15.68;8.89;24.57;-1.51;-1.51;0;-0.75;0
2610;2609;ahri;Ahri;47.93;21.79;4.68;26.47;4.33;4.33;0;2.17;0
2610;2609;akali;Akali;42.36;19.27;19.15;38.42;-1.79;-1.79;0;-0.9;0
2610;2609;akshan;Akshan;45.46;6.52;3.27;9.79;1.15;1.15;0;0.57;0
2610;2609;alistar;Alistar;40.69;7.39;1.53;8.92;-6.09;-6.09;0;-3.05;0
2610;2609;ambessa;Ambessa;46.79;13.88;12.59;26.47;-1.26;-1.26;0;-0.63;2
2610;2609;amumu;Amumu;44.66;4.62;1.0;5.62;-2.56;-2.56;0;-1.28;0
2610;2609;anivia;Anivia;47.87;11.69;5.08;16.77;1.15;1.15;0;0.57;1
2610;2609;annie;Annie;49.74;7.45;0.79;8.24;1.16;1.16;0;0.58;0
2610;2609;aphelios;Aphelios;42.11;8.87;2.11;10.98;-1.11;-1.11;0;-0.55;0
2610;2609;ashe;Ashe;42.83;32.45;9.75;42.2;-2.08;-2.08;0;-1.04;1
2610;2609;aurelionsol;Aurelion Sol;48.58;6.94;0.98;7.92;-1.3;-1.3;0;-0.65;0
2610;2609;aurora;Aurora;45.42;9.1;2.57;11.67;3.06;3.06;0;1.53;0
2610;2609;azir;Azir;40.44;4.25;0.32;4.57;0.82;0.82;0;0.41;0
2610;2609;bard;Bard;41.03;14.35;3.63;17.98;-2.36;-2.36;0;-1.18;0
2610;2609;belveth;Bel'Veth;48.26;4.02;3.44;7.46;1.43;1.43;0;0.72;0
2610;2609;blitzcrank;Blitzcrank;35.59;9.94;11.42;21.36;-1.96;-1.96;0;-0.98;0
2610;2609;brand;Brand;50.82;23.05;7.73;30.78;-0.39;-0.39;0;-0.2;0
2610;2609;braum;Braum;41.58;12.04;8.39;20.43;3.97;3.97;0;1.98;0
2610;2609;briar;Briar;46.36;10.23;8.95;19.18;-0.38;-0.38;0;-0.19;0
2610;2609;caitlyn;Caitlyn;41.75;29.06;24.88;53.94;-3.3;-3.3;0;-1.65;0
2610;2609;camille;Camille;48.18;7.87;0.98;8.85;-0.2;-0.2;0;-0.1;0
2610;2609;cassiopeia;Cassiopeia;48.7;4.56;1.28;5.84;-1.24;-1.24;0;-0.62;0
2610;2609;chogath;Cho'Gath;48.5;6.72;0.61;7.33;0.15;0.15;0;0.08;0
2610;2609;corki;Corki;45.03;5.0;0.54;5.54;0.36;0.36;0;0.18;0
2610;2609;darius;Darius;47.51;14.34;13.49;27.83;0.24;0.24;0;0.12;0
2610;2609;diana;Diana;46.95;13.28;4.32;17.6;-0.44;-0.44;0;-0.22;0
2610;2609;draven;Draven;45.46;9.53;15.25;24.78;1.18;1.18;0;0.59;0
2610;2609;drmundo;Dr. Mundo;45.29;8.53;4.37;12.9;-0.96;-0.96;0;-0.48;0
2610;2609;ekko;Ekko;48.99;13.27;2.02;15.29;0.54;0.54;0;0.27;0
2610;2609;elise;Elise;48.39;6.85;1.87;8.72;-3.31;-3.31;0;-1.65;0
2610;2609;evelynn;Evelynn;46.2;4.75;2.39;7.14;-0.83;-0.83;0;-0.42;0
2610;2609;ezreal;Ezreal;41.78;42.13;11.27;53.4;-0.12;-0.12;0;-0.06;0
2610;2609;fiddlesticks;Fiddlesticks;50.55;6.72;1.67;8.39;-1.08;-1.08;0;-0.54;0
2610;2609;fiora;Fiora;47.09;7.06;5.6;12.66;-0.34;-0.34;0;-0.17;0
2610;2609;fizz;Fizz;47.85;10.5;5.14;15.64;1.78;1.78;0;0.89;0
2610;2609;galio;Galio;45.63;6.89;1.29;8.18;0.9;0.9;0;0.45;2
2610;2609;gangplank;Gangplank;42.34;11.18;4.67;15.85;0.3;0.3;0;0.15;0
2610;2609;garen;Garen;41.96;15.98;7.36;23.34;0.56;0.56;0;0.28;0
2610;2609;gnar;Gnar;43.1;8.03;1.39;9.42;-0.61;-0.61;0;-0.3;0
2610;2609;gragas;Gragas;48.46;7.73;0.73;8.46;0.45;0.45;0;0.22;0
2610;2609;graves;Graves;44.87;23.81;18.02;41.83;-0.71;-0.71;0;-0.35;0
2610;2609;gwen;Gwen;46.52;7.08;3.4;10.48;-7.06;-7.06;0;-3.53;0
2610;2609;hecarim;Hecarim;32.68;7.78;3.57;11.35;0.02;0.02;0;0.01;0
2610;2609;heimerdinger;Heimerdinger;49.08;2.99;1.27;4.26;0.0;0.0;0;0.0;0
2610;2609;hwei;Hwei;50.67;10.11;1.91;12.02;3.59;3.59;0;1.79;0
2610;2609;illaoi;Illaoi;46.63;4.39;3.56;7.95;7.5;7.5;0;3.75;0
2610;2609;irelia;Irelia;44.17;13.98;14.89;28.87;1.65;1.65;0;0.83;0
2610;2609;ivern;Ivern;47.92;3.07;0.44;3.51;-1.43;-1.43;0;-0.72;0
2610;2609;janna;Janna;39.91;7.71;0.89;8.6;-7.28;-7.28;0;-3.64;0
2610;2609;jarvaniv;Jarvan IV;47.28;16.16;1.82;17.98;0.49;0.49;0;0.24;0
2610;2609;jax;Jax;46.78;14.93;12.93;27.86;-1.72;-1.72;0;-0.86;0
2610;2609;jayce;Jayce;46.98;14.28;5.71;19.99;0.0;0.0;0;0.0;0
2610;2609;jhin;Jhin;45.01;30.93;1.48;32.41;-1.02;-1.02;0;-0.51;0
2610;2609;jinx;Jinx;45.34;21.9;3.16;25.06;-0.73;-0.73;0;-0.36;0
2610;2609;kaisa;Kai'Sa;44.64;29.46;2.44;31.9;-0.21;-0.21;0;-0.1;0
2610;2609;kalista;Kalista;41.13;3.14;0.25;3.39;-10.64;-10.64;0;-5.32;0
2610;2609;karma;Karma;43.97;21.46;9.53;30.99;-1.58;-1.58;0;-0.79;0
2610;2609;karthus;Karthus;49.94;5.52;1.69;7.21;0.34;0.34;0;0.17;0
2610;2609;kassadin;Kassadin;44.15;5.08;2.99;8.07;1.62;1.62;0;0.81;0
2610;2609;katarina;Katarina;46.49;15.79;10.95;26.74;-1.2;-1.2;0;-0.6;0
2610;2609;kayle;Kayle;48.53;7.63;3.73;11.36;0.52;0.52;0;0.26;0
2610;2609;kayn;Kayn;46.63;14.94;3.85;18.79;-1.64;-1.64;0;-0.82;0
2610;2609;kennen;Kennen;44.85;5.48;2.02;7.5;-1.32;-1.32;0;-0.66;0
2610;2609;khazix;Kha'Zix;38.75;11.45;4.12;15.57;-15.16;-15.16;0;-7.58;0
2610;2609;kindred;Kindred;47.44;5.2;1.81;7.01;-0.38;-0.38;0;-0.19;0
2610;2609;kled;Kled;47.85;3.53;0.74;4.27;-0.03;-0.03;0;-0.01;0
2610;2609;kogmaw;Kog'Maw;46.86;3.87;0.38;4.25;-4.12;-4.12;0;-2.06;0
2610;2609;ksante;K'Sante;45.0;8.18;2.23;10.41;-3.08;-3.08;0;-1.54;0
2610;2609;leblanc;LeBlanc;43.7;9.47;15.18;24.65;-1.87;-1.87;0;-0.94;0
2610;2609;leesin;Lee Sin;45.99;26.13;14.59;40.72;-0.28;-0.28;0;-0.14;0
2610;2609;leona;Leona;39.62;12.08;5.59;17.67;-2.34;-2.34;0;-1.17;0
2610;2609;lillia;Lillia;40.15;6.89;2.03;8.92;-4.83;-4.83;0;-2.41;0
2610;2609;lissandra;Lissandra;46.8;10.84;3.01;13.85;-0.23;-0.23;0;-0.12;0
2610;2609;lucian;Lucian;42.94;18.18;3.24;21.42;-2.04;-2.04;0;-1.02;0
2610;2609;lulu;Lulu;43.39;20.17;9.87;30.04;-2.09;-2.09;0;-1.05;0
2610;2609;lux;Lux;43.29;19.73;2.93;22.66;-3.76;-3.76;0;-1.88;0
2610;2609;malphite;Malphite;46.46;16.6;19.47;36.07;-1.54;-1.54;0;-0.77;0
2610;2609;malzahar;Malzahar;45.58;16.71;10.17;26.88;-0.04;-0.04;0;-0.02;0
2610;2609;maokai;Maokai;50.72;4.52;0.16;4.68;1.95;1.95;0;0.98;0
2610;2609;masteryi;Master Yi;49.27;14.75;14.36;29.11;0.94;0.94;0;0.47;0
2610;2609;mel;Mel;39.0;11.65;27.49;39.14;-3.62;-3.62;0;-1.81;0
2610;2609;milio;Milio;39.06;15.32;5.58;20.9;-4.16;-4.16;0;-2.08;0
2610;2609;missfortune;Miss Fortune;39.73;12.62;1.01;13.63;-2.54;-2.54;0;-1.27;0
2610;2609;mordekaiser;Mordekaiser;48.55;11.71;7.08;18.79;1.52;1.52;0;0.76;0
2610;2609;morgana;Morgana;49.5;9.52;14.84;24.36;-0.74;-0.74;0;-0.37;0
2610;2609;naafiri;Naafiri;49.04;23.69;33.93;57.62;0.52;0.52;0;0.26;1
2610;2609;nami;Nami;42.98;29.69;3.74;33.43;4.77;4.77;0;2.38;0
2610;2609;nasus;Nasus;47.35;7.7;3.86;11.56;-0.39;-0.39;0;-0.19;0
2610;2609;nautilus;Nautilus;46.73;18.75;13.76;32.51;-0.28;-0.28;0;-0.14;0
2610;2609;neeko;Neeko;50.0;5.02;1.14;6.16;1.04;1.04;0;0.52;0
2610;2609;nidalee;Nidalee;46.19;5.18;1.12;6.3;-2.09;-2.09;0;-1.05;0
2610;2609;nilah;Nilah;36.33;2.53;2.55;5.08;-11.84;-11.84;0;-5.92;0
2610;2609;nocturne;Nocturne;51.31;15.41;13.8;29.21;6.46;6.46;1;3.23;0
2610;2609;nunu;Nunu & Willump;44.57;4.68;0.57;5.25;-0.33;-0.33;0;-0.17;0
2610;2609;olaf;Olaf;47.68;5.85;2.69;8.54;-2.43;-2.43;0;-1.22;0
2610;2609;orianna;Orianna;44.82;7.93;1.1;9.03;6.65;6.65;0;3.32;0
2610;2609;ornn;Ornn;48.51;9.84;0.8;10.64;0.39;0.39;0;0.19;0
2610;2609;pantheon;Pantheon;49.54;14.82;1.61;16.43;0.87;0.87;0;0.44;0
2610;2609;poppy;Poppy;47.61;6.33;2.84;9.17;-2.8;-2.8;0;-1.4;0
2610;2609;pyke;Pyke;49.37;12.66;25.7;38.36;4.1;4.1;0;2.05;0
2610;2609;qiyana;Qiyana;50.46;8.89;2.47;11.36;0.17;0.17;0;0.08;0
2610;2609;quinn;Quinn;46.69;2.96;0.77;3.73;-1.11;-1.11;0;-0.55;2
2610;2609;rakan;Rakan;44.31;6.12;0.3;6.42;-7.7;-7.7;0;-3.85;0
2610;2609;rammus;Rammus;47.93;3.41;3.23;6.64;-0.37;-0.37;0;-0.18;0
2610;2609;reksai;Rek'Sai;49.95;5.23;1.81;7.04;2.07;2.07;0;1.03;0
2610;2609;rell;Rell;50.96;6.71;0.94;7.65;3.21;3.21;0;1.6;0
2610;2609;renata;Renata Glasc;32.31;1.82;0.13;1.95;-13.83;-13.83;0;-6.91;0
2610;2609;renekton;Renekton;40.84;11.68;4.47;16.15;4.02;4.02;0;2.01;0
2610;2609;rengar;Rengar;47.45;9.63;9.78;19.41;-2.25;-2.25;0;-1.13;0
2610;2609;riven;Riven;49.51;8.41;2.78;11.19;-0.04;-0.04;0;-0.02;0
2610;2609;rumble;Rumble;48.25;5.97;1.67;7.64;0.75;0.75;0;0.37;0
2610;2609;ryze;Ryze;44.24;8.09;0.83;8.92;0.63;0.63;0;0.32;0
2610;2609;samira;Samira;43.78;9.69;6.46;16.15;-0.3;-0.3;0;-0.15;0
2610;2609;sejuani;Sejuani;46.11;4.05;0.15;4.2;-2.1;-2.1;0;-1.05;0
2610;2609;senna;Senna;42.87;19.12;1.74;20.86;-5.03;-5.03;0;-2.51;0
2610;2609;seraphine;Seraphine;45.54;24.37;4.48;28.85;-0.32;-0.32;0;-0.16;0
2610;2609;sett;Sett;48.54;10.24;2.32;12.56;1.37;1.37;0;0.68;0
2610;2609;shaco;Shaco;42.43;12.41;16.38;28.79;-2.8;-2.8;0;-1.4;0
2610;2609;shen;Shen;51.75;10.19;1.48;11.67;0.12;0.12;2;0.06;0
2610;2609;shyvana;Shyvana;47.76;13.87;8.53;22.4;3.57;3.57;0;1.79;1
2610;2609;singed;Singed;51.14;6.8;1.11;7.91;3.54;3.54;1;1.77;0
2610;2609;sion;Sion;49.38;12.0;1.17;13.17;-0.22;-0.22;0;-0.11;0
2610;2609;sivir;Sivir;47.22;7.6;2.75;10.35;9.6;9.6;0;4.8;0
2610;2609;skarner;Skarner;48.93;3.11;0.21;3.32;4.02;4.02;0;2.01;0
2610;2609;smolder;Smolder;45.71;44.95;16.97;61.92;4.42;4.42;0;2.21;0
2610;2609;sona;Sona;42.17;7.6;0.49;8.09;-3.61;-3.61;0;-1.81;0
2610;2609;soraka;Soraka;42.72;11.05;2.64;13.69;-2.58;-2.58;0;-1.29;0
2610;2609;swain;Swain;45.36;10.56;2.22;12.78;-2.27;-2.27;0;-1.14;0
2610;2609;sylas;Sylas;47.89;27.76;11.85;39.61;-0.43;-0.43;0;-0.21;0
2610;2609;syndra;Syndra;44.21;9.18;2.71;11.89;0.36;0.36;0;0.18;0
2610;2609;tahmkench;Tahm Kench;47.57;8.57;1.84;10.41;-2.2;-2.2;0;-1.1;0
2610;2609;taliyah;Taliyah;48.7;5.18;0.43;5.61;0.39;0.39;0;0.2;0
2610;2609;talon;Talon;45.88;17.02;8.43;25.45;1.4;1.4;0;0.7;0
2610;2609;taric;Taric;45.55;2.31;0.17;2.48;-1.34;-1.34;0;-0.67;0
2610;2609;teemo;Teemo;48.51;13.0;5.12;18.12;0.56;0.56;0;0.28;0
2610;2609;thresh;Thresh;42.01;25.29;7.47;32.76;0.28;0.28;0;0.14;0
2610;2609;tristana;Tristana;44.5;7.72;1.06;8.78;-0.56;-0.56;0;-0.28;0
2610;2609;trundle;Trundle;48.76;3.4;0.25;3.65;1.67;1.67;0;0.84;0
2610;2609;tryndamere;Tryndamere;48.04;6.75;1.87;8.62;-0.74;-0.74;0;-0.37;0
2610;2609;twistedfate;Twisted Fate;46.24;10.94;1.02;11.96;-1.31;-1.31;0;-0.66;0
2610;2609;twitch;Twitch;45.6;10.32;6.26;16.58;0.27;0.27;0;0.14;0
2610;2609;udyr;Udyr;46.85;5.93;1.07;7.0;0.26;0.26;0;0.13;0
2610;2609;urgot;Urgot;46.6;5.21;0.77;5.98;0.64;0.64;0;0.32;0
2610;2609;varus;Varus;44.68;13.47;3.92;17.39;0.04;0.04;0;0.02;0
2610;2609;vayne;Vayne;47.92;23.26;13.33;36.59;-1.12;-1.12;0;-0.56;0
2610;2609;veigar;Veigar;48.57;9.31;1.07;10.38;2.07;2.07;0;1.03;0
2610;2609;velkoz;Vel'Koz;46.29;9.22;1.2;10.42;-2.2;-2.2;0;-1.1;0
2610;2609;vex;Vex;46.84;5.31;3.21;8.52;1.63;1.63;0;0.81;0
2610;2609;vi;Vi;47.0;10.32;1.37;11.69;-1.63;-1.63;0;-0.82;0
2610;2609;viego;Viego;47.42;19.14;8.61;27.75;0.3;0.3;0;0.15;0
2610;2609;viktor;Viktor;42.71;18.84;5.29;24.13;-8.88;-8.88;0;-4.44;0
2610;2609;vladimir;Vladimir;46.08;14.9;5.82;20.72;0.1;0.1;0;0.05;0
2610;2609;volibear;Volibear;46.5;9.73;2.31;12.04;-1.44;-1.44;0;-0.72;0
2610;2609;warwick;Warwick;50.04;8.55;1.72;10.27;4.73;4.73;0;2.36;0
2610;2609;wukong;Wukong;48.85;5.66;0.48;6.14;-0.24;-0.24;0;-0.12;2
2610;2609;xayah;Xayah;44.6;6.37;0.59;6.96;3.9;3.9;0;1.95;0
2610;2609;xerath;Xerath;46.27;19.48;8.11;27.59;2.02;2.02;0;1.01;0
2610;2609;xinzhao;Xin Zhao;47.94;22.59;6.76;29.35;0.59;0.59;0;0.3;0
2610;2609;yasuo;Yasuo;46.16;22.89;17.71;40.6;1.56;1.56;0;0.78;0
2610;2609;yone;Yone;45.94;21.35;4.49;25.84;1.67;1.67;0;0.84;0
2610;2609;yorick;Yorick;45.32;7.87;6.75;14.62;-0.01;-0.01;0;0.0;0
2610;2609;yunara;Yunara;45.24;11.78;2.11;13.89;-0.98;-0.98;0;-0.49;0
2610;2609;yuumi;Yuumi;32.96;10.51;7.32;17.83;-9.31;-9.31;0;-4.66;0
2610;2609;zaahen;Zaahen;46.22;6.31;3.0;9.31;0.79;0.79;0;0.4;0
2610;2609;zac;Zac;48.43;6.42;1.16;7.58;-2.21;-2.21;0;-1.11;0
2610;2609;zed;Zed;49.64;27.26;31.2;58.46;1.55;1.55;0;0.78;1
2610;2609;zeri;Zeri;45.18;5.36;0.34;5.7;-0.78;-0.78;0;-0.39;2
2610;2609;ziggs;Ziggs;41.71;5.06;0.48;5.54;-1.6;-1.6;0;-0.8;0
2610;2609;zilean;Zilean;46.64;6.83;1.49;8.32;-4.18;-4.18;0;-2.09;0
2610;2609;zoe;Zoe;43.36;8.57;5.89;14.46;-1.82;-1.82;0;-0.91;0
2610;2609;zyra;Zyra;49.06;8.19;2.52;10.71;-1.29;-1.29;0;-0.64;0
2611;2610;aatrox;Aatrox;46.57;14.78;8.21;22.99;1.74;0.11;0;0.66;0
2611;2610;ahri;Ahri;47.14;21.71;4.3;26.01;-0.79;1.77;0;0.92;0
2611;2610;akali;Akali;39.42;18.96;18.4;37.36;-2.94;-2.36;0;-2.56;0
2611;2610;akshan;Akshan;45.18;6.06;2.92;8.98;-0.28;0.43;0;0.2;0
2611;2610;alistar;Alistar;43.64;6.87;1.36;8.23;2.95;-1.57;0;-0.06;0
2611;2610;ambessa;Ambessa;45.19;12.56;10.38;22.94;-1.6;-1.43;0;-1.49;0
2611;2610;amumu;Amumu;41.52;4.58;0.97;5.55;-3.14;-2.85;0;-2.95;0
2611;2610;anivia;Anivia;43.51;10.43;4.58;15.01;-4.36;-1.61;0;-2.52;0
2611;2610;annie;Annie;44.68;7.08;0.79;7.87;-5.06;-1.95;0;-2.99;0
2611;2610;aphelios;Aphelios;45.37;8.72;1.54;10.26;3.26;1.07;0;1.8;0
2611;2610;ashe;Ashe;42.11;31.58;8.08;39.66;-0.72;-1.4;0;-1.17;0
2611;2610;aurelionsol;Aurelion Sol;48.92;6.03;0.81;6.84;0.34;-0.48;0;-0.21;0
2611;2610;aurora;Aurora;44.48;7.95;2.29;10.24;-0.94;1.06;0;0.39;0
2611;2610;azir;Azir;37.23;3.56;0.3;3.86;-3.21;-1.2;0;-1.87;0
2611;2610;bard;Bard;41.84;14.23;3.66;17.89;0.81;-0.77;0;-0.25;0
2611;2610;belveth;Bel'Veth;45.95;3.99;3.06;7.05;-2.31;-0.44;0;-1.06;0
2611;2610;blitzcrank;Blitzcrank;38.26;10.04;10.58;20.62;2.67;0.36;0;1.13;0
2611;2610;brand;Brand;50.39;18.74;7.77;26.51;-0.43;-0.41;0;-0.42;1
2611;2610;braum;Braum;44.26;9.66;6.49;16.15;2.68;3.32;0;3.11;0
2611;2610;briar;Briar;46.51;10.35;8.63;18.98;0.15;-0.12;0;-0.03;0
2611;2610;caitlyn;Caitlyn;40.59;32.98;21.39;54.37;-1.16;-2.23;0;-1.87;0
2611;2610;camille;Camille;48.11;8.58;0.96;9.54;-0.07;-0.14;0;-0.11;0
2611;2610;cassiopeia;Cassiopeia;47.93;5.7;1.42;7.12;-0.77;-1.0;0;-0.93;0
2611;2610;chogath;Cho'Gath;49.05;6.94;0.61;7.55;0.55;0.35;0;0.42;0
2611;2610;corki;Corki;43.46;4.42;0.37;4.79;-1.57;-0.61;0;-0.93;0
2611;2610;darius;Darius;46.85;14.8;13.04;27.84;-0.66;-0.21;0;-0.36;0
2611;2610;diana;Diana;48.48;13.8;4.03;17.83;1.53;0.54;0;0.87;2
2611;2610;draven;Draven;43.89;9.44;13.4;22.84;-1.57;-0.2;0;-0.65;0
2611;2610;drmundo;Dr. Mundo;46.54;7.54;2.94;10.48;1.25;0.14;0;0.51;0
2611;2610;ekko;Ekko;49.35;13.51;1.73;15.24;0.36;0.45;0;0.42;2
2611;2610;elise;Elise;49.13;6.55;1.56;8.11;0.74;-1.28;0;-0.61;0
2611;2610;evelynn;Evelynn;44.76;5.73;2.62;8.35;-1.44;-1.14;0;-1.24;0
2611;2610;ezreal;Ezreal;42.03;38.04;8.38;46.42;0.25;0.07;0;0.13;0
2611;2610;fiddlesticks;Fiddlesticks;50.54;6.43;1.48;7.91;-0.01;-0.55;0;-0.37;0
2611;2610;fiora;Fiora;50.5;6.65;5.18;11.83;3.41;1.54;0;2.16;0
2611;2610;fizz;Fizz;49.26;12.8;6.52;19.32;1.41;1.59;0;1.53;0
2611;2610;galio;Galio;45.41;8.96;1.48;10.44;-0.22;0.34;0;0.15;0
2611;2610;gangplank;Gangplank;42.83;11.52;5.12;16.64;0.49;0.39;0;0.43;0
2611;2610;garen;Garen;43.24;15.6;6.45;22.05;1.28;0.92;0;1.04;0
2611;2610;gnar;Gnar;43.84;7.33;1.18;8.51;0.74;0.07;0;0.29;0
2611;2610;gragas;Gragas;48.58;7.78;0.71;8.49;0.12;0.29;0;0.23;0
2611;2610;graves;Graves;43.59;24.23;15.6;39.83;-1.28;-0.99;0;-1.09;0
2611;2610;gwen;Gwen;50.22;6.27;2.93;9.2;3.7;-1.68;0;0.11;0
2611;2610;hecarim;Hecarim;35.56;8.64;3.56;12.2;2.88;1.45;0;1.93;0
2611;2610;heimerdinger;Heimerdinger;49.22;2.74;1.17;3.91;0.14;0.07;0;0.09;2
2611;2610;hwei;Hwei;48.37;9.5;1.61;11.11;-2.3;0.64;0;-0.34;0
2611;2610;illaoi;Illaoi;42.31;4.95;3.6;8.55;-4.32;1.59;0;-0.38;0
2611;2610;irelia;Irelia;46.09;13.77;14.1;27.87;1.92;1.78;0;1.83;0
2611;2610;ivern;Ivern;48.62;3.45;0.44;3.89;0.7;-0.37;0;-0.01;0
2611;2610;janna;Janna;42.45;7.66;0.72;8.38;2.54;-2.37;0;-0.73;0
2611;2610;jarvaniv;Jarvan IV;48.13;15.58;1.62;17.2;0.85;0.67;0;0.73;0
2611;2610;jax;Jax;46.27;13.82;11.64;25.46;-0.51;-1.11;0;-0.91;0
2611;2610;jayce;Jayce;46.91;15.21;5.5;20.71;-0.07;-0.04;0;-0.05;0
2611;2610;jhin;Jhin;44.87;29.77;1.12;30.89;-0.14;-0.58;0;-0.43;0
2611;2610;jinx;Jinx;44.37;23.34;2.15;25.49;-0.97;-0.85;0;-0.89;0
2611;2610;kaisa;Kai'Sa;44.73;23.11;1.47;24.58;0.09;-0.06;0;-0.01;0
2611;2610;kalista;Kalista;44.54;3.17;0.23;3.4;3.41;-3.62;0;-1.27;0
2611;2610;karma;Karma;45.46;20.85;7.75;28.6;1.49;-0.04;0;0.47;0
2611;2610;karthus;Karthus;49.38;5.75;1.54;7.29;-0.56;-0.11;0;-0.26;0
2611;2610;kassadin;Kassadin;39.99;5.11;2.55;7.66;-4.16;-1.27;0;-2.23;2
2611;2610;katarina;Katarina;48.83;16.48;11.11;27.59;2.34;0.57;0;1.16;0
2611;2610;kayle;Kayle;49.64;7.36;3.29;10.65;1.11;0.82;0;0.91;0
2611;2610;kayn;Kayn;45.01;16.42;4.67;21.09;-1.62;-1.63;0;-1.63;0
2611;2610;kennen;Kennen;44.19;4.31;1.37;5.68;-0.66;-0.99;0;-0.88;0
2611;2610;khazix;Kha'Zix;41.48;11.57;3.82;15.39;2.73;-6.22;0;-3.23;0
2611;2610;kindred;Kindred;46.08;5.17;1.75;6.92;-1.36;-0.87;0;-1.03;0
2611;2610;kled;Kled;50.47;3.58;0.83;4.41;2.62;1.29;0;1.74;0
2611;2610;kogmaw;Kog'Maw;50.73;4.24;0.34;4.58;3.87;-0.12;0;1.21;0
2611;2610;ksante;K'Sante;45.77;9.1;2.5;11.6;0.77;-1.15;0;-0.51;0
2611;2610;leblanc;LeBlanc;43.9;9.39;13.53;22.92;0.2;-0.84;0;-0.49;0
2611;2610;leesin;Lee Sin;47.33;29.42;17.96;47.38;1.34;0.53;0;0.8;0
2611;2610;leona;Leona;40.87;12.33;5.15;17.48;1.25;-0.55;0;0.05;0
2611;2610;lillia;Lillia;37.73;5.65;1.63;7.28;-2.42;-3.62;0;-3.22;0
2611;2610;lissandra;Lissandra;48.44;11.08;3.17;14.25;1.64;0.7;0;1.02;0
2611;2610;lucian;Lucian;41.81;19.34;2.77;22.11;-1.13;-1.58;0;-1.43;0
2611;2610;lulu;Lulu;45.26;19.82;8.65;28.47;1.87;-0.11;0;0.55;0
2611;2610;lux;Lux;48.78;21.04;2.79;23.83;5.49;0.87;0;2.41;0
2611;2610;malphite;Malphite;47.69;18.39;19.41;37.8;1.23;-0.16;0;0.31;0
2611;2610;malzahar;Malzahar;45.93;15.2;10.33;25.53;0.35;0.16;0;0.22;0
2611;2610;maokai;Maokai;49.76;4.15;0.13;4.28;-0.96;0.49;0;0.01;0
2611;2610;masteryi;Master Yi;50.05;16.09;14.88;30.97;0.78;0.86;0;0.83;0
2611;2610;mel;Mel;43.68;12.0;23.3;35.3;4.68;0.53;0;1.91;0
2611;2610;milio;Milio;34.62;15.93;5.28;21.21;-4.44;-4.3;0;-4.35;0
2611;2610;missfortune;Miss Fortune;39.6;13.12;0.72;13.84;-0.13;-1.34;0;-0.93;0
2611;2610;mordekaiser;Mordekaiser;45.28;11.02;6.98;18.0;-3.27;-0.88;0;-1.67;0
2611;2610;morgana;Morgana;49.07;9.04;13.88;22.92;-0.43;-0.59;0;-0.53;0
2611;2610;naafiri;Naafiri;48.95;18.17;33.86;52.03;-0.09;0.21;0;0.11;0
2611;2610;nami;Nami;39.31;28.67;3.27;31.94;-3.67;0.55;0;-0.86;0
2611;2610;nasus;Nasus;47.65;8.18;3.43;11.61;0.3;-0.05;0;0.07;0
2611;2610;nautilus;Nautilus;47.31;18.69;12.7;31.39;0.58;0.15;0;0.29;0
2611;2610;neeko;Neeko;50.29;5.01;0.91;5.92;0.29;0.66;0;0.54;0
2611;2610;nidalee;Nidalee;46.43;6.23;1.27;7.5;0.24;-0.93;0;-0.54;0
2611;2610;nilah;Nilah;43.77;2.51;2.12;4.63;7.44;-2.2;0;1.01;0
2611;2610;nocturne;Nocturne;46.63;16.54;14.18;30.72;-4.68;0.89;0;-0.97;0
2611;2610;nunu;Nunu & Willump;44.56;4.97;0.49;5.46;-0.01;-0.17;0;-0.12;0
2611;2610;olaf;Olaf;49.0;5.9;2.65;8.55;1.32;-0.55;0;0.07;0
2611;2610;orianna;Orianna;45.42;8.0;0.95;8.95;0.6;3.62;0;2.62;0
2611;2610;ornn;Ornn;49.48;9.57;0.74;10.31;0.97;0.68;0;0.78;0
2611;2610;pantheon;Pantheon;49.17;14.68;1.57;16.25;-0.37;0.25;0;0.04;0
2611;2610;poppy;Poppy;49.85;6.39;2.5;8.89;2.24;-0.28;0;0.56;0
2611;2610;pyke;Pyke;47.0;13.36;25.04;38.4;-2.37;0.86;0;-0.21;0
2611;2610;qiyana;Qiyana;49.8;8.43;2.16;10.59;-0.66;-0.25;0;-0.38;0
2611;2610;quinn;Quinn;48.2;6.54;1.27;7.81;1.51;0.2;0;0.64;2
2611;2610;rakan;Rakan;45.2;6.23;0.27;6.5;0.89;-3.4;0;-1.97;0
2611;2610;rammus;Rammus;46.6;3.5;3.26;6.76;-1.33;-0.85;0;-1.01;0
2611;2610;reksai;Rek'Sai;49.93;5.54;1.79;7.33;-0.02;1.02;0;0.68;0
2611;2610;rell;Rell;45.62;6.33;0.82;7.15;-5.34;-1.07;0;-2.49;0
2611;2610;renata;Renata Glasc;36.43;1.87;0.13;2.0;4.12;-4.86;0;-1.86;0
2611;2610;renekton;Renekton;43.54;11.15;4.07;15.22;2.7;3.36;0;3.14;0
2611;2610;rengar;Rengar;48.81;9.4;9.49;18.89;1.36;-0.45;0;0.16;0
2611;2610;riven;Riven;47.76;8.94;2.68;11.62;-1.75;-0.89;0;-1.18;0
2611;2610;rumble;Rumble;47.9;5.75;1.44;7.19;-0.35;0.2;0;0.02;0
2611;2610;ryze;Ryze;46.33;8.6;0.79;9.39;2.09;1.36;0;1.6;0
2611;2610;samira;Samira;40.69;9.35;5.86;15.21;-3.09;-1.7;0;-2.16;0
2611;2610;sejuani;Sejuani;47.69;3.87;0.14;4.01;1.58;-0.26;0;0.35;0
2611;2610;senna;Senna;45.41;24.69;3.14;27.83;2.54;-1.25;0;0.02;0
2611;2610;seraphine;Seraphine;50.4;25.27;6.17;31.44;4.86;2.27;0;3.13;0
2611;2610;sett;Sett;48.61;10.13;2.27;12.4;0.07;0.72;0;0.5;0
2611;2610;shaco;Shaco;45.5;12.37;16.18;28.55;3.07;0.14;0;1.11;0
2611;2610;shen;Shen;49.91;9.61;1.1;10.71;-1.84;-0.86;0;-1.19;0
2611;2610;shyvana;Shyvana;45.06;10.93;7.96;18.89;-2.7;0.44;0;-0.61;0
2611;2610;singed;Singed;49.7;6.57;1.09;7.66;-1.44;1.05;0;0.22;0
2611;2610;sion;Sion;49.24;13.4;1.21;14.61;-0.14;-0.18;0;-0.17;0
2611;2610;sivir;Sivir;39.49;7.76;1.78;9.54;-7.73;0.94;0;-1.95;0
2611;2610;skarner;Skarner;47.06;3.73;0.26;3.99;-1.87;1.08;0;0.09;0
2611;2610;smolder;Smolder;42.4;41.76;53.21;94.97;-3.31;0.55;0;-0.73;0
2611;2610;sona;Sona;41.76;7.21;0.38;7.59;-0.41;-2.01;0;-1.48;0
2611;2610;soraka;Soraka;44.16;10.9;2.36;13.26;1.44;-0.57;0;0.1;0
2611;2610;swain;Swain;48.41;9.51;1.65;11.16;3.05;0.39;0;1.28;0
2611;2610;sylas;Sylas;48.46;27.68;11.12;38.8;0.57;0.07;0;0.24;0
2611;2610;syndra;Syndra;41.17;9.35;2.43;11.78;-3.04;-1.34;0;-1.91;0
2611;2610;tahmkench;Tahm Kench;48.57;9.0;1.71;10.71;1.0;-0.6;0;-0.07;0
2611;2610;taliyah;Taliyah;50.79;5.01;0.38;5.39;2.09;1.24;0;1.52;0
2611;2610;talon;Talon;47.52;17.06;10.4;27.46;1.64;1.52;0;1.56;0
2611;2610;taric;Taric;48.27;2.25;0.14;2.39;2.72;0.69;0;1.37;0
2611;2610;teemo;Teemo;49.39;15.95;8.69;24.64;0.88;0.72;0;0.77;1
2611;2610;thresh;Thresh;39.95;24.63;6.59;31.22;-2.06;-0.89;0;-1.28;0
2611;2610;tristana;Tristana;41.92;8.38;0.87;9.25;-2.58;-1.57;0;-1.91;0
2611;2610;trundle;Trundle;47.24;3.9;0.28;4.18;-1.52;0.07;0;-0.46;0
2611;2610;tryndamere;Tryndamere;46.18;7.15;2.01;9.16;-1.86;-1.3;0;-1.49;0
2611;2610;twistedfate;Twisted Fate;45.88;12.06;1.03;13.09;-0.36;-0.83;0;-0.68;0
2611;2610;twitch;Twitch;46.3;11.16;5.43;16.59;0.7;0.48;0;0.56;0
2611;2610;udyr;Udyr;47.53;5.76;1.0;6.76;0.68;0.47;0;0.54;0
2611;2610;urgot;Urgot;45.74;5.06;0.7;5.76;-0.86;-0.11;0;-0.36;0
2611;2610;varus;Varus;47.32;15.33;4.54;19.87;2.64;1.34;0;1.77;0
2611;2610;vayne;Vayne;48.39;19.77;12.66;32.43;0.47;-0.32;0;-0.06;0
2611;2610;veigar;Veigar;47.47;9.36;0.85;10.21;-1.1;0.48;0;-0.04;0
2611;2610;velkoz;Vel'Koz;43.61;10.01;1.14;11.15;-2.68;-2.44;0;-2.52;0
2611;2610;vex;Vex;44.57;5.28;2.99;8.27;-2.27;-0.32;0;-0.97;0
2611;2610;vi;Vi;46.28;10.5;1.27;11.77;-0.72;-1.18;0;-1.02;0
2611;2610;viego;Viego;48.57;19.23;7.52;26.75;1.15;0.73;0;0.87;0
2611;2610;viktor;Viktor;48.2;21.76;7.84;29.6;5.49;-1.7;0;0.7;0
2611;2610;vladimir;Vladimir;43.4;14.77;6.4;21.17;-2.68;-1.29;0;-1.75;0
2611;2610;volibear;Volibear;45.03;8.72;2.05;10.77;-1.47;-1.45;0;-1.46;0
2611;2610;warwick;Warwick;46.96;8.72;1.47;10.19;-3.08;0.82;0;-0.48;0
2611;2610;wukong;Wukong;51.27;12.04;1.24;13.28;2.42;1.09;1;1.53;0
2611;2610;xayah;Xayah;46.04;6.16;0.43;6.59;1.44;2.67;0;2.26;0
2611;2610;xerath;Xerath;51.08;20.04;8.28;28.32;4.81;3.41;0;3.88;0
2611;2610;xinzhao;Xin Zhao;48.27;20.62;7.51;28.13;0.33;0.46;0;0.42;0
2611;2610;yasuo;Yasuo;45.05;22.38;16.76;39.14;-1.11;0.22;0;-0.22;0
2611;2610;yone;Yone;46.14;22.69;4.74;27.43;0.2;0.93;0;0.69;0
2611;2610;yorick;Yorick;44.95;7.95;6.73;14.68;-0.37;-0.19;0;-0.25;0
2611;2610;yunara;Yunara;40.43;10.2;1.45;11.65;-4.81;-2.89;0;-3.53;0
2611;2610;yuumi;Yuumi;31.09;10.77;6.74;17.51;-1.87;-5.59;0;-4.35;0
2611;2610;zaahen;Zaahen;47.82;5.85;2.29;8.14;1.6;1.2;0;1.33;0
2611;2610;zac;Zac;49.14;5.99;0.97;6.96;0.71;-0.75;0;-0.26;0
2611;2610;zed;Zed;47.89;23.33;30.8;54.13;-1.75;-0.1;0;-0.65;0
2611;2610;zeri;Zeri;45.21;9.5;0.5;10.0;0.03;-0.38;0;-0.24;0
2611;2610;ziggs;Ziggs;41.45;5.1;0.4;5.5;-0.26;-0.93;0;-0.71;0
2611;2610;zilean;Zilean;51.13;6.62;1.3;7.92;4.49;0.16;0;1.6;0
2611;2610;zoe;Zoe;46.66;8.22;5.29;13.51;3.3;0.74;0;1.59;0
2611;2610;zyra;Zyra;49.73;7.34;2.16;9.5;0.67;-0.31;0;0.02;0
